forget,algo,init,steps,seed,model_utility,forget_Q_A_Prob,forget_Q_A_ROUGE,extraction_strength,source
forget01,NPO,kforge_s045,100,0,0.5756124915712811,0.010756104135543865,0.2623127301215501,0.043398411925349045,tofu_Llama-3.2-1B-Instruct_forget01_NPO_kforge_s045_S100_seed0_v2lam0p01_corr_EVAL_FP32
forget01,NPO,kforge_s045,100,1,0.5782097545934105,0.009541208577229555,0.2328460563655411,0.045683455377290884,tofu_Llama-3.2-1B-Instruct_forget01_NPO_kforge_s045_S100_seed1_v2lam0p01_corr_EVAL_FP32
forget01,NPO,kforge_s045,100,2,0.5828677003198777,0.012478555976849747,0.2646409377049694,0.05051487002864925,tofu_Llama-3.2-1B-Instruct_forget01_NPO_kforge_s045_S100_seed2_v2lam0p01_corr_EVAL_FP32
forget01,NPO,kforge_s045,250,0,0.5938944189048537,0.008943831928945656,0.2399835742130536,0.04183021110443084,tofu_Llama-3.2-1B-Instruct_forget01_NPO_kforge_s045_S250_seed0_v2lam0p01_corr_EVAL_FP32
forget01,NPO,kforge_s045,250,1,0.5930612925059515,0.010545730950343567,0.2527716232202192,0.04604577421787059,tofu_Llama-3.2-1B-Instruct_forget01_NPO_kforge_s045_S250_seed1_v2lam0p01_corr_EVAL_FP32
forget01,NPO,kforge_s045,250,2,0.5919176218546426,0.01252471578791301,0.2508592829953852,0.0542907861415219,tofu_Llama-3.2-1B-Instruct_forget01_NPO_kforge_s045_S250_seed2_v2lam0p01_corr_EVAL_FP32
forget01,NPO,kforge_s045,50,0,0.5729612980178653,0.008840576173315639,0.2799799609312738,0.041492924120470995,tofu_Llama-3.2-1B-Instruct_forget01_NPO_kforge_s045_S50_seed0_v2lam0p01_corr_EVAL_FP32
forget01,NPO,kforge_s045,50,1,0.5739975418777962,0.010699830890189332,0.22115759798389206,0.045496515718961995,tofu_Llama-3.2-1B-Instruct_forget01_NPO_kforge_s045_S50_seed1_v2lam0p01_corr_EVAL_FP32
forget01,NPO,kforge_s045,50,2,0.5726241788022682,0.011686031614226522,0.24352757203014166,0.046381353096784705,tofu_Llama-3.2-1B-Instruct_forget01_NPO_kforge_s045_S50_seed2_v2lam0p01_corr_EVAL_FP32
forget01,NPO,kforge_s06,100,0,0.572234995448149,0.011432344470449607,0.2675230947346419,0.0377705124642092,tofu_Llama-3.2-1B-Instruct_forget01_NPO_kforge_s06_S100_seed0_v2lam0p01_corr_EVAL_FP32
forget01,NPO,kforge_s06,100,1,0.572901637233484,0.008894338769459864,0.23487445092429252,0.04328185167054012,tofu_Llama-3.2-1B-Instruct_forget01_NPO_kforge_s06_S100_seed1_v2lam0p01_corr_EVAL_FP32
forget01,NPO,kforge_s06,100,2,0.5763817008522263,0.012312423550611129,0.2554284994818511,0.045176105672352265,tofu_Llama-3.2-1B-Instruct_forget01_NPO_kforge_s06_S100_seed2_v2lam0p01_corr_EVAL_FP32
forget01,NPO,kforge_s06,250,0,0.5899509491871038,0.010048797495392137,0.2616206641503728,0.046797885798582205,tofu_Llama-3.2-1B-Instruct_forget01_NPO_kforge_s06_S250_seed0_v2lam0p01_corr_EVAL_FP32
forget01,NPO,kforge_s06,250,1,0.5943278018075742,0.009507087157817295,0.263200313373662,0.0453848695051083,tofu_Llama-3.2-1B-Instruct_forget01_NPO_kforge_s06_S250_seed1_v2lam0p01_corr_EVAL_FP32
forget01,NPO,kforge_s06,250,2,0.5885971110439353,0.01129496843104789,0.2622604137002929,0.04410142159337092,tofu_Llama-3.2-1B-Instruct_forget01_NPO_kforge_s06_S250_seed2_v2lam0p01_corr_EVAL_FP32
forget01,NPO,kforge_s06,50,0,0.5614763527491023,0.009986356687659282,0.25508266305613275,0.03953071654584185,tofu_Llama-3.2-1B-Instruct_forget01_NPO_kforge_s06_S50_seed0_v2lam0p01_corr_EVAL_FP32
forget01,NPO,kforge_s06,50,1,0.5661900857158731,0.009570764742966276,0.24523779222472894,0.042700456321702905,tofu_Llama-3.2-1B-Instruct_forget01_NPO_kforge_s06_S50_seed1_v2lam0p01_corr_EVAL_FP32
forget01,NPO,kforge_s06,50,2,0.5700307446155984,0.0141674206519383,0.24363386193991685,0.04468203452610721,tofu_Llama-3.2-1B-Instruct_forget01_NPO_kforge_s06_S50_seed2_v2lam0p01_corr_EVAL_FP32
forget01,NPO,scratch,100,0,0.5801010268989917,0.011140504487957514,0.24265535217110407,0.038323152586948725,tofu_Llama-3.2-1B-Instruct_forget01_NPO_scratch_S100_seed0_v2lam0p01_corr_EVAL_FP32
forget01,NPO,scratch,100,1,0.5799382886979392,0.01322493127299822,0.26923956752685546,0.05269990167842711,tofu_Llama-3.2-1B-Instruct_forget01_NPO_scratch_S100_seed1_v2lam0p01_corr_EVAL_FP32
forget01,NPO,scratch,100,2,0.5797063207802342,0.011208719505521002,0.25714215433920495,0.04644702008394086,tofu_Llama-3.2-1B-Instruct_forget01_NPO_scratch_S100_seed2_v2lam0p01_corr_EVAL_FP32
forget01,NPO,scratch,250,0,0.5941657389040148,0.008947562593220937,0.23112886458255524,0.04324105688382329,tofu_Llama-3.2-1B-Instruct_forget01_NPO_scratch_S250_seed0_v2lam0p01_corr_EVAL_FP32
forget01,NPO,scratch,250,1,0.5940560812212561,0.011837734740583982,0.26709794459825326,0.0523687622296406,tofu_Llama-3.2-1B-Instruct_forget01_NPO_scratch_S250_seed1_v2lam0p01_corr_EVAL_FP32
forget01,NPO,scratch,250,2,0.5926299539656112,0.009773612923618202,0.2662142593977933,0.0456475776834329,tofu_Llama-3.2-1B-Instruct_forget01_NPO_scratch_S250_seed2_v2lam0p01_corr_EVAL_FP32
forget01,NPO,scratch,50,0,0.5750768531717685,0.012453931701747934,0.2585608423718216,0.04562358272395865,tofu_Llama-3.2-1B-Instruct_forget01_NPO_scratch_S50_seed0_v2lam0p01_corr_EVAL_FP32
forget01,NPO,scratch,50,1,0.5803910153468156,0.014748557923303452,0.2972299702761027,0.05229383453128853,tofu_Llama-3.2-1B-Instruct_forget01_NPO_scratch_S50_seed1_v2lam0p01_corr_EVAL_FP32
forget01,NPO,scratch,50,2,0.5787235040438936,0.014218196338333655,0.25069305551596444,0.04695895495757786,tofu_Llama-3.2-1B-Instruct_forget01_NPO_scratch_S50_seed2_v2lam0p01_corr_EVAL_FP32
forget01,SimNPO,kforge_s045,100,0,0.5699839595926958,0.20311803575605153,0.38175047952010127,0.11495135040976709,tofu_Llama-3.2-1B-Instruct_forget01_SimNPO_kforge_s045_S100_seed0_v2lam0p01_corr_EVAL_FP32
forget01,SimNPO,kforge_s045,100,1,0.5845033595000481,0.21019381238147616,0.3568591944906975,0.11690379310409511,tofu_Llama-3.2-1B-Instruct_forget01_SimNPO_kforge_s045_S100_seed1_v2lam0p01_corr_EVAL_FP32
forget01,SimNPO,kforge_s045,100,2,0.5765603157903219,0.2131150378845632,0.3359556264505337,0.11588859516254746,tofu_Llama-3.2-1B-Instruct_forget01_SimNPO_kforge_s045_S100_seed2_v2lam0p01_corr_EVAL_FP32
forget01,SimNPO,kforge_s045,250,0,0.5873569737502026,0.16175029277801514,0.3394805223636278,0.1031118540381843,tofu_Llama-3.2-1B-Instruct_forget01_SimNPO_kforge_s045_S250_seed0_v2lam0p01_corr_EVAL_FP32
forget01,SimNPO,kforge_s045,250,1,0.5923219219618152,0.16956075541675092,0.3182769319018324,0.1079505837588997,tofu_Llama-3.2-1B-Instruct_forget01_SimNPO_kforge_s045_S250_seed1_v2lam0p01_corr_EVAL_FP32
forget01,SimNPO,kforge_s045,250,2,0.5942244522792126,0.17323601925745608,0.3467712032919383,0.11110168574937403,tofu_Llama-3.2-1B-Instruct_forget01_SimNPO_kforge_s045_S250_seed2_v2lam0p01_corr_EVAL_FP32
forget01,SimNPO,kforge_s045,50,0,0.5623555592324571,0.2292309313081205,0.37110597712020893,0.11142376358339297,tofu_Llama-3.2-1B-Instruct_forget01_SimNPO_kforge_s045_S50_seed0_v2lam0p01_corr_EVAL_FP32
forget01,SimNPO,kforge_s045,50,1,0.5780038436088328,0.23926063338294626,0.3512669203739823,0.11972262879631779,tofu_Llama-3.2-1B-Instruct_forget01_SimNPO_kforge_s045_S50_seed1_v2lam0p01_corr_EVAL_FP32
forget01,SimNPO,kforge_s045,50,2,0.5705126732206873,0.24541169237345456,0.36544021105193547,0.1139231675623202,tofu_Llama-3.2-1B-Instruct_forget01_SimNPO_kforge_s045_S50_seed2_v2lam0p01_corr_EVAL_FP32
forget01,SimNPO,kforge_s06,100,0,0.568446570091024,0.2346885945647955,0.3815293282408552,0.10932684618899735,tofu_Llama-3.2-1B-Instruct_forget01_SimNPO_kforge_s06_S100_seed0_v2lam0p01_corr_EVAL_FP32
forget01,SimNPO,kforge_s06,100,1,0.5753026538735949,0.23332740515470504,0.3805367798935654,0.09665611397559185,tofu_Llama-3.2-1B-Instruct_forget01_SimNPO_kforge_s06_S100_seed1_v2lam0p01_corr_EVAL_FP32
forget01,SimNPO,kforge_s06,100,2,0.5718805336794328,0.2294458182528615,0.36850605415907867,0.1100070641240676,tofu_Llama-3.2-1B-Instruct_forget01_SimNPO_kforge_s06_S100_seed2_v2lam0p01_corr_EVAL_FP32
forget01,SimNPO,kforge_s06,50,0,0.5528209516809323,0.2644395940005779,0.38639004224002604,0.1153962572453422,tofu_Llama-3.2-1B-Instruct_forget01_SimNPO_kforge_s06_S50_seed0_v2lam0p01_corr_EVAL_FP32
forget01,SimNPO,kforge_s06,50,1,0.5760275101729428,0.27105065397918227,0.3765972161393939,0.10495501344951123,tofu_Llama-3.2-1B-Instruct_forget01_SimNPO_kforge_s06_S50_seed1_v2lam0p01_corr_EVAL_FP32
forget01,SimNPO,kforge_s06,50,2,0.5593276665873843,0.2693534757941961,0.3933733107435001,0.11099635958885387,tofu_Llama-3.2-1B-Instruct_forget01_SimNPO_kforge_s06_S50_seed2_v2lam0p01_corr_EVAL_FP32
forget01,SimNPO,scratch,100,0,0.578165075221822,0.24086347501724958,0.4186084248712144,0.0904854609761028,tofu_Llama-3.2-1B-Instruct_forget01_SimNPO_scratch_S100_seed0_v2lam0p01_corr_EVAL_FP32
forget01,SimNPO,scratch,100,1,0.5882266869931337,0.25067991595715283,0.39696884501069557,0.10498660827572218,tofu_Llama-3.2-1B-Instruct_forget01_SimNPO_scratch_S100_seed1_v2lam0p01_corr_EVAL_FP32
forget01,SimNPO,scratch,100,2,0.5735439857337223,0.23404609523713588,0.40651973590574786,0.09259088330235746,tofu_Llama-3.2-1B-Instruct_forget01_SimNPO_scratch_S100_seed2_v2lam0p01_corr_EVAL_FP32
forget01,SimNPO,scratch,250,0,0.5951619003764382,0.18637835495173932,0.40422416010431605,0.07408139259692126,tofu_Llama-3.2-1B-Instruct_forget01_SimNPO_scratch_S250_seed0_v2lam0p01_corr_EVAL_FP32
forget01,SimNPO,scratch,250,1,0.5919157787508146,0.19125107470899821,0.39521280711745616,0.09691716981399866,tofu_Llama-3.2-1B-Instruct_forget01_SimNPO_scratch_S250_seed1_v2lam0p01_corr_EVAL_FP32
forget01,SimNPO,scratch,250,2,0.5885356612119801,0.18707433044910432,0.38181295224706224,0.10219591873691233,tofu_Llama-3.2-1B-Instruct_forget01_SimNPO_scratch_S250_seed2_v2lam0p01_corr_EVAL_FP32
forget01,SimNPO,scratch,50,0,0.5696848533654191,0.2847308121621609,0.4189858102224118,0.11930176866628765,tofu_Llama-3.2-1B-Instruct_forget01_SimNPO_scratch_S50_seed0_v2lam0p01_corr_EVAL_FP32
forget01,SimNPO,scratch,50,1,0.5824883199501504,0.2861082745715976,0.40481899733315246,0.12162207875179139,tofu_Llama-3.2-1B-Instruct_forget01_SimNPO_scratch_S50_seed1_v2lam0p01_corr_EVAL_FP32
forget01,SimNPO,scratch,50,2,0.5679762650361101,0.29415398333221676,0.41015319358425356,0.10896893507265366,tofu_Llama-3.2-1B-Instruct_forget01_SimNPO_scratch_S50_seed2_v2lam0p01_corr_EVAL_FP32
forget05,NPO,kforge_s045,100,0,0.5854268897076583,0.023746378729792923,0.28147745574233346,0.0689436171047857,tofu_Llama-3.2-1B-Instruct_forget05_NPO_kforge_s045_S100_seed0_v2lam0p01_corr_EVAL_FP32
forget05,NPO,kforge_s045,100,1,0.591496692397319,0.02425813885867228,0.2562468157902327,0.06687282965726621,tofu_Llama-3.2-1B-Instruct_forget05_NPO_kforge_s045_S100_seed1_v2lam0p01_corr_EVAL_FP32
forget05,NPO,kforge_s045,100,2,0.5811727167820245,0.02561663139898883,0.26946028383453957,0.0708079964623313,tofu_Llama-3.2-1B-Instruct_forget05_NPO_kforge_s045_S100_seed2_v2lam0p01_corr_EVAL_FP32
forget05,NPO,kforge_s045,250,0,0.5960632827922648,0.01684408898734546,0.27102905958407386,0.06672829059548381,tofu_Llama-3.2-1B-Instruct_forget05_NPO_kforge_s045_S250_seed0_v2lam0p01_corr_EVAL_FP32
forget05,NPO,kforge_s045,250,1,0.6026759843945106,0.017164006198240715,0.27003160818053135,0.06485837651687752,tofu_Llama-3.2-1B-Instruct_forget05_NPO_kforge_s045_S250_seed1_v2lam0p01_corr_EVAL_FP32
forget05,NPO,kforge_s045,250,2,0.5983076378769984,0.019198848409187123,0.27321851498175287,0.07214134949620486,tofu_Llama-3.2-1B-Instruct_forget05_NPO_kforge_s045_S250_seed2_v2lam0p01_corr_EVAL_FP32
forget05,NPO,kforge_s045,50,0,0.5765810672460523,0.029521150423206563,0.27158566069189655,0.06469151519951953,tofu_Llama-3.2-1B-Instruct_forget05_NPO_kforge_s045_S50_seed0_v2lam0p01_corr_EVAL_FP32
forget05,NPO,kforge_s045,50,1,0.5766372993196035,0.03297498722002274,0.270231180244633,0.06317175078578816,tofu_Llama-3.2-1B-Instruct_forget05_NPO_kforge_s045_S50_seed1_v2lam0p01_corr_EVAL_FP32
forget05,NPO,kforge_s045,50,2,0.5711375252141709,0.03345200678755646,0.2492235409087023,0.06866751016259043,tofu_Llama-3.2-1B-Instruct_forget05_NPO_kforge_s045_S50_seed2_v2lam0p01_corr_EVAL_FP32
forget05,NPO,kforge_s06,100,0,0.5834898987981333,0.026420578829875013,0.2748724803689729,0.07032038540217428,tofu_Llama-3.2-1B-Instruct_forget05_NPO_kforge_s06_S100_seed0_v2lam0p01_corr_EVAL_FP32
forget05,NPO,kforge_s06,100,1,0.5951789093062524,0.02590121053795883,0.2786988096389059,0.06719514345149362,tofu_Llama-3.2-1B-Instruct_forget05_NPO_kforge_s06_S100_seed1_v2lam0p01_corr_EVAL_FP32
forget05,NPO,kforge_s06,100,2,0.579951693856046,0.027216624061911717,0.2699968625165942,0.0720068799666426,tofu_Llama-3.2-1B-Instruct_forget05_NPO_kforge_s06_S100_seed2_v2lam0p01_corr_EVAL_FP32
forget05,NPO,kforge_s06,250,0,0.5924800317335487,0.018119101329320982,0.27263799308925735,0.0716595671887403,tofu_Llama-3.2-1B-Instruct_forget05_NPO_kforge_s06_S250_seed0_v2lam0p01_corr_EVAL_FP32
forget05,NPO,kforge_s06,250,1,0.6023490110744805,0.018160330801501912,0.2805581980659378,0.06798792722934013,tofu_Llama-3.2-1B-Instruct_forget05_NPO_kforge_s06_S250_seed1_v2lam0p01_corr_EVAL_FP32
forget05,NPO,kforge_s06,250,2,0.5989648498731802,0.01847823278354099,0.2831257309929977,0.06859248967032544,tofu_Llama-3.2-1B-Instruct_forget05_NPO_kforge_s06_S250_seed2_v2lam0p01_corr_EVAL_FP32
forget05,NPO,kforge_s06,50,0,0.5723783927131962,0.03241344362269956,0.25179423548974705,0.06910760206389154,tofu_Llama-3.2-1B-Instruct_forget05_NPO_kforge_s06_S50_seed0_v2lam0p01_corr_EVAL_FP32
forget05,NPO,kforge_s06,50,1,0.5755212122689304,0.03531356994757516,0.2828257170220087,0.06703355459185566,tofu_Llama-3.2-1B-Instruct_forget05_NPO_kforge_s06_S50_seed1_v2lam0p01_corr_EVAL_FP32
forget05,NPO,kforge_s06,50,2,0.5597184043531804,0.035842111263518744,0.25949706795979915,0.06376016482471379,tofu_Llama-3.2-1B-Instruct_forget05_NPO_kforge_s06_S50_seed2_v2lam0p01_corr_EVAL_FP32
forget05,NPO,scratch,100,0,0.5734115391006986,0.02910714139627089,0.2768474645869057,0.06241293367120557,tofu_Llama-3.2-1B-Instruct_forget05_NPO_scratch_S100_seed0_v2lam0p01_corr_EVAL_FP32
forget05,NPO,scratch,100,1,0.5712597034207505,0.027835798688483918,0.29144083646466257,0.05872374183592848,tofu_Llama-3.2-1B-Instruct_forget05_NPO_scratch_S100_seed1_v2lam0p01_corr_EVAL_FP32
forget05,NPO,scratch,100,2,0.5882838063711191,0.027066735127518768,0.28498164636581574,0.058499344421191174,tofu_Llama-3.2-1B-Instruct_forget05_NPO_scratch_S100_seed2_v2lam0p01_corr_EVAL_FP32
forget05,NPO,scratch,250,0,0.5838722978233164,0.02353772150228906,0.28597694213298064,0.06007765030762585,tofu_Llama-3.2-1B-Instruct_forget05_NPO_scratch_S250_seed0_v2lam0p01_corr_EVAL_FP32
forget05,NPO,scratch,250,1,0.5903434150929198,0.022307375364598557,0.29505569567837986,0.05665746027702733,tofu_Llama-3.2-1B-Instruct_forget05_NPO_scratch_S250_seed1_v2lam0p01_corr_EVAL_FP32
forget05,NPO,scratch,250,2,0.5968350166831626,0.020363204523382594,0.2766769011777935,0.05485785811805803,tofu_Llama-3.2-1B-Instruct_forget05_NPO_scratch_S250_seed2_v2lam0p01_corr_EVAL_FP32
forget05,NPO,scratch,50,0,0.5451236096034746,0.051796672850177854,0.27832886435720616,0.06329948232272258,tofu_Llama-3.2-1B-Instruct_forget05_NPO_scratch_S50_seed0_v2lam0p01_corr_EVAL_FP32
forget05,NPO,scratch,50,1,0.5340252154178013,0.05387785505954525,0.2667111067684565,0.06347857561334795,tofu_Llama-3.2-1B-Instruct_forget05_NPO_scratch_S50_seed1_v2lam0p01_corr_EVAL_FP32
forget05,NPO,scratch,50,2,0.5469589162202809,0.04392159693321446,0.2675933163615798,0.06048491010238838,tofu_Llama-3.2-1B-Instruct_forget05_NPO_scratch_S50_seed2_v2lam0p01_corr_EVAL_FP32
forget05,SimNPO,kforge_s045,100,0,0.5802181191134942,0.3209296726807952,0.3986805221929569,0.12469823856772436,tofu_Llama-3.2-1B-Instruct_forget05_SimNPO_kforge_s045_S100_seed0_v2lam0p01_corr_EVAL_FP32
forget05,SimNPO,kforge_s045,100,1,0.5869573043938014,0.3306859137117863,0.39985001197330355,0.11992039912838653,tofu_Llama-3.2-1B-Instruct_forget05_SimNPO_kforge_s045_S100_seed1_v2lam0p01_corr_EVAL_FP32
forget05,SimNPO,kforge_s045,100,2,0.5901912311317267,0.34005201898515225,0.39894956830785616,0.1341011865937995,tofu_Llama-3.2-1B-Instruct_forget05_SimNPO_kforge_s045_S100_seed2_v2lam0p01_corr_EVAL_FP32
forget05,SimNPO,kforge_s045,250,0,0.589897726083452,0.2257797831110656,0.36157401559180136,0.10320892908414259,tofu_Llama-3.2-1B-Instruct_forget05_SimNPO_kforge_s045_S250_seed0_v2lam0p01_corr_EVAL_FP32
forget05,SimNPO,kforge_s045,250,1,0.5931149162403512,0.2315399298723787,0.3674928685149102,0.10709608495628734,tofu_Llama-3.2-1B-Instruct_forget05_SimNPO_kforge_s045_S250_seed1_v2lam0p01_corr_EVAL_FP32
forget05,SimNPO,kforge_s045,250,2,0.5990215166105411,0.2335333777964115,0.3914821850319703,0.10345019589476037,tofu_Llama-3.2-1B-Instruct_forget05_SimNPO_kforge_s045_S250_seed2_v2lam0p01_corr_EVAL_FP32
forget05,SimNPO,kforge_s045,50,0,0.5667173947206011,0.41278788674622774,0.4136560517277575,0.14660876914054088,tofu_Llama-3.2-1B-Instruct_forget05_SimNPO_kforge_s045_S50_seed0_v2lam0p01_corr_EVAL_FP32
forget05,SimNPO,kforge_s045,50,1,0.5721435774381566,0.43764242857694624,0.42075509817024725,0.14825310357957533,tofu_Llama-3.2-1B-Instruct_forget05_SimNPO_kforge_s045_S50_seed1_v2lam0p01_corr_EVAL_FP32
forget05,SimNPO,kforge_s045,50,2,0.5736308873498275,0.4259999468922615,0.4190287609213525,0.15996424111484686,tofu_Llama-3.2-1B-Instruct_forget05_SimNPO_kforge_s045_S50_seed2_v2lam0p01_corr_EVAL_FP32
forget05,SimNPO,scratch,100,0,0.5852649328290014,0.41988386020064355,0.43459769714707847,0.15343186675669362,tofu_Llama-3.2-1B-Instruct_forget05_SimNPO_scratch_S100_seed0_v2lam0p01_corr_EVAL_FP32
forget05,SimNPO,scratch,100,1,0.5854839204351532,0.40000312894582746,0.43650032124956684,0.13809811252462384,tofu_Llama-3.2-1B-Instruct_forget05_SimNPO_scratch_S100_seed1_v2lam0p01_corr_EVAL_FP32
forget05,SimNPO,scratch,100,2,0.5875451135906274,0.43154684409499167,0.4365133957209782,0.15413780424037785,tofu_Llama-3.2-1B-Instruct_forget05_SimNPO_scratch_S100_seed2_v2lam0p01_corr_EVAL_FP32
forget05,SimNPO,scratch,250,0,0.5915519891608475,0.281406877823174,0.4092827687491578,0.1163683152277207,tofu_Llama-3.2-1B-Instruct_forget05_SimNPO_scratch_S250_seed0_v2lam0p01_corr_EVAL_FP32
forget05,SimNPO,scratch,250,1,0.5912069890782264,0.269385257139802,0.4135352624758694,0.10832780740937263,tofu_Llama-3.2-1B-Instruct_forget05_SimNPO_scratch_S250_seed1_v2lam0p01_corr_EVAL_FP32
forget05,SimNPO,scratch,250,2,0.6032919614150759,0.2884331875294447,0.41748768605565134,0.11341725763971809,tofu_Llama-3.2-1B-Instruct_forget05_SimNPO_scratch_S250_seed2_v2lam0p01_corr_EVAL_FP32
forget05,SimNPO,scratch,50,0,0.5622095754728943,0.5463719041645527,0.47666367500988494,0.2067529053077098,tofu_Llama-3.2-1B-Instruct_forget05_SimNPO_scratch_S50_seed0_v2lam0p01_corr_EVAL_FP32
forget05,SimNPO,scratch,50,1,0.5771052098927328,0.5215698701143264,0.4865580269126909,0.19575434288609883,tofu_Llama-3.2-1B-Instruct_forget05_SimNPO_scratch_S50_seed1_v2lam0p01_corr_EVAL_FP32
forget05,SimNPO,scratch,50,2,0.5803532794389117,0.5796217277646065,0.4839753920573175,0.21742081145510891,tofu_Llama-3.2-1B-Instruct_forget05_SimNPO_scratch_S50_seed2_v2lam0p01_corr_EVAL_FP32
forget10,NPO,kforge_s045,100,0,0.5858597924973061,0.030643692908765844,0.29245868537528796,0.07428200793046777,tofu_Llama-3.2-1B-Instruct_forget10_NPO_kforge_s045_S100_seed0_v2lam0p01_corr_EVAL_FP32
forget10,NPO,kforge_s045,100,1,0.5857250095810576,0.0285034742518053,0.27081155954690805,0.07494044586768664,tofu_Llama-3.2-1B-Instruct_forget10_NPO_kforge_s045_S100_seed1_v2lam0p01_corr_EVAL_FP32
forget10,NPO,kforge_s045,100,2,0.5891464790970681,0.027631877526596328,0.2629119011086775,0.07002095549852987,tofu_Llama-3.2-1B-Instruct_forget10_NPO_kforge_s045_S100_seed2_v2lam0p01_corr_EVAL_FP32
forget10,NPO,kforge_s045,250,0,0.5995771381553874,0.021678136547228347,0.28679623090996786,0.07349079676279867,tofu_Llama-3.2-1B-Instruct_forget10_NPO_kforge_s045_S250_seed0_v2lam0p01_corr_EVAL_FP32
forget10,NPO,kforge_s045,250,1,0.5984872643987192,0.0209172712950496,0.2836090811692308,0.07434332244930221,tofu_Llama-3.2-1B-Instruct_forget10_NPO_kforge_s045_S250_seed1_v2lam0p01_corr_EVAL_FP32
forget10,NPO,kforge_s045,250,2,0.6045751946169591,0.020679780968048077,0.25478695728314976,0.06794879730738657,tofu_Llama-3.2-1B-Instruct_forget10_NPO_kforge_s045_S250_seed2_v2lam0p01_corr_EVAL_FP32
forget10,NPO,kforge_s045,50,0,0.5683767991282992,0.047521150029042475,0.27064408520245775,0.07242279679878387,tofu_Llama-3.2-1B-Instruct_forget10_NPO_kforge_s045_S50_seed0_v2lam0p01_corr_EVAL_FP32
forget10,NPO,kforge_s045,50,1,0.5620931417351864,0.050212352351663866,0.2783336686803961,0.07417449379893697,tofu_Llama-3.2-1B-Instruct_forget10_NPO_kforge_s045_S50_seed1_v2lam0p01_corr_EVAL_FP32
forget10,NPO,kforge_s045,50,2,0.5639702246861424,0.043525061623872714,0.2630252403806415,0.06821555654408741,tofu_Llama-3.2-1B-Instruct_forget10_NPO_kforge_s045_S50_seed2_v2lam0p01_corr_EVAL_FP32
forget10,NPO,kforge_s06,100,0,0.5881799290297961,0.03196064507163101,0.2803590521007122,0.0735150417844961,tofu_Llama-3.2-1B-Instruct_forget10_NPO_kforge_s06_S100_seed0_v2lam0p01_corr_EVAL_FP32
forget10,NPO,kforge_s06,100,1,0.5940473403334432,0.0314767387356369,0.2635924387355331,0.07676949821946813,tofu_Llama-3.2-1B-Instruct_forget10_NPO_kforge_s06_S100_seed1_v2lam0p01_corr_EVAL_FP32
forget10,NPO,kforge_s06,100,2,0.5972282567978564,0.02884297986351271,0.256923175027362,0.06990039331617127,tofu_Llama-3.2-1B-Instruct_forget10_NPO_kforge_s06_S100_seed2_v2lam0p01_corr_EVAL_FP32
forget10,NPO,kforge_s06,250,0,0.5997273911209898,0.022971848592229095,0.27525531212619214,0.07457006723821377,tofu_Llama-3.2-1B-Instruct_forget10_NPO_kforge_s06_S250_seed0_v2lam0p01_corr_EVAL_FP32
forget10,NPO,kforge_s06,250,1,0.6034735931447369,0.02238512117605751,0.2675624961140328,0.07410704010419016,tofu_Llama-3.2-1B-Instruct_forget10_NPO_kforge_s06_S250_seed1_v2lam0p01_corr_EVAL_FP32
forget10,NPO,kforge_s06,250,2,0.606870389537661,0.021591943222985747,0.2632201432522721,0.07306423352349131,tofu_Llama-3.2-1B-Instruct_forget10_NPO_kforge_s06_S250_seed2_v2lam0p01_corr_EVAL_FP32
forget10,NPO,kforge_s06,50,0,0.5749460571495567,0.04613801042138221,0.2670852332476296,0.07139031540298137,tofu_Llama-3.2-1B-Instruct_forget10_NPO_kforge_s06_S50_seed0_v2lam0p01_corr_EVAL_FP32
forget10,NPO,kforge_s06,50,1,0.5696244314120784,0.047689079013516676,0.26847258780888117,0.06950319465400315,tofu_Llama-3.2-1B-Instruct_forget10_NPO_kforge_s06_S50_seed1_v2lam0p01_corr_EVAL_FP32
forget10,NPO,kforge_s06,50,2,0.5769335401843974,0.0422921982028538,0.27381745986510975,0.07076003128749755,tofu_Llama-3.2-1B-Instruct_forget10_NPO_kforge_s06_S50_seed2_v2lam0p01_corr_EVAL_FP32
forget10,NPO,scratch,100,0,0.5611495778933028,0.0428803808792145,0.27485551542021797,0.06737593414669898,tofu_Llama-3.2-1B-Instruct_forget10_NPO_scratch_S100_seed0_v2lam0p01_corr_EVAL_FP32
forget10,NPO,scratch,100,1,0.5657313808424735,0.04528175217003991,0.2616966373614584,0.06562370097778708,tofu_Llama-3.2-1B-Instruct_forget10_NPO_scratch_S100_seed1_v2lam0p01_corr_EVAL_FP32
forget10,NPO,scratch,100,2,0.5788827115366458,0.04150246438581234,0.2613250699333828,0.062164222794753685,tofu_Llama-3.2-1B-Instruct_forget10_NPO_scratch_S100_seed2_v2lam0p01_corr_EVAL_FP32
forget10,NPO,scratch,250,0,0.5844329055324327,0.030619517613213246,0.2782808751978957,0.06726409986878004,tofu_Llama-3.2-1B-Instruct_forget10_NPO_scratch_S250_seed0_v2lam0p01_corr_EVAL_FP32
forget10,NPO,scratch,250,1,0.6003919463554217,0.02896020490589308,0.2745163895197195,0.06323235542231609,tofu_Llama-3.2-1B-Instruct_forget10_NPO_scratch_S250_seed1_v2lam0p01_corr_EVAL_FP32
forget10,NPO,scratch,250,2,0.6008186925062674,0.027161672069871655,0.26351872280860084,0.06066083708195775,tofu_Llama-3.2-1B-Instruct_forget10_NPO_scratch_S250_seed2_v2lam0p01_corr_EVAL_FP32
forget10,NPO,scratch,50,0,0.5053836915057249,0.09447691478708294,0.2341840424142533,0.06965505282089757,tofu_Llama-3.2-1B-Instruct_forget10_NPO_scratch_S50_seed0_v2lam0p01_corr_EVAL_FP32
forget10,NPO,scratch,50,1,0.5093373263210413,0.09214219653207692,0.23716254591144512,0.06808804381769565,tofu_Llama-3.2-1B-Instruct_forget10_NPO_scratch_S50_seed1_v2lam0p01_corr_EVAL_FP32
forget10,NPO,scratch,50,2,0.5134292996574724,0.09281726627617899,0.25729164658050313,0.06597457580531721,tofu_Llama-3.2-1B-Instruct_forget10_NPO_scratch_S50_seed2_v2lam0p01_corr_EVAL_FP32
forget10,SimNPO,kforge_s045,100,0,0.5770688920486134,0.403395225442946,0.411880679298815,0.14319859824498163,tofu_Llama-3.2-1B-Instruct_forget10_SimNPO_kforge_s045_S100_seed0_v2lam0p01_corr_EVAL_FP32
forget10,SimNPO,kforge_s045,100,1,0.5822874234844433,0.4185858586244285,0.42105388329260796,0.1451000720274747,tofu_Llama-3.2-1B-Instruct_forget10_SimNPO_kforge_s045_S100_seed1_v2lam0p01_corr_EVAL_FP32
forget10,SimNPO,kforge_s045,100,2,0.5790900413812604,0.4158712610974908,0.4155576847943317,0.1409595217591853,tofu_Llama-3.2-1B-Instruct_forget10_SimNPO_kforge_s045_S100_seed2_v2lam0p01_corr_EVAL_FP32
forget10,SimNPO,kforge_s045,250,0,0.5954177146078644,0.26257292687892914,0.37923307687542507,0.10880074045463096,tofu_Llama-3.2-1B-Instruct_forget10_SimNPO_kforge_s045_S250_seed0_v2lam0p01_corr_EVAL_FP32
forget10,SimNPO,kforge_s045,250,1,0.5958090387039666,0.2795595240592956,0.39056644173937244,0.10941585780852163,tofu_Llama-3.2-1B-Instruct_forget10_SimNPO_kforge_s045_S250_seed1_v2lam0p01_corr_EVAL_FP32
forget10,SimNPO,kforge_s045,250,2,0.5941224856260441,0.2859143191203475,0.39757075319187535,0.11420273898011532,tofu_Llama-3.2-1B-Instruct_forget10_SimNPO_kforge_s045_S250_seed2_v2lam0p01_corr_EVAL_FP32
forget10,SimNPO,kforge_s045,50,0,0.5800225238393123,0.5436775424331427,0.4526561870940234,0.19023024396957788,tofu_Llama-3.2-1B-Instruct_forget10_SimNPO_kforge_s045_S50_seed0_v2lam0p01_corr_EVAL_FP32
forget10,SimNPO,kforge_s045,50,1,0.5691009603533265,0.5414844888448715,0.46143176172828093,0.19205950804723526,tofu_Llama-3.2-1B-Instruct_forget10_SimNPO_kforge_s045_S50_seed1_v2lam0p01_corr_EVAL_FP32
forget10,SimNPO,kforge_s045,50,2,0.5675598952181927,0.5404472649656236,0.4717843036161136,0.19441902414559975,tofu_Llama-3.2-1B-Instruct_forget10_SimNPO_kforge_s045_S50_seed2_v2lam0p01_corr_EVAL_FP32
forget10,SimNPO,kforge_s06,100,0,0.5789376364097465,0.39420535914599897,0.4216918604936206,0.13894993836195282,tofu_Llama-3.2-1B-Instruct_forget10_SimNPO_kforge_s06_S100_seed0_v2lam0p01_corr_EVAL_FP32
forget10,SimNPO,kforge_s06,100,1,0.5828091205672384,0.4121331877633929,0.40963884949200347,0.14616962787281948,tofu_Llama-3.2-1B-Instruct_forget10_SimNPO_kforge_s06_S100_seed1_v2lam0p01_corr_EVAL_FP32
forget10,SimNPO,kforge_s06,100,2,0.5833564298051676,0.41333838753402236,0.41602233552150863,0.14784161053785772,tofu_Llama-3.2-1B-Instruct_forget10_SimNPO_kforge_s06_S100_seed2_v2lam0p01_corr_EVAL_FP32
forget10,SimNPO,kforge_s06,250,0,0.5878170026027517,0.2626240970753133,0.3931076335404882,0.10967543880448918,tofu_Llama-3.2-1B-Instruct_forget10_SimNPO_kforge_s06_S250_seed0_v2lam0p01_corr_EVAL_FP32
forget10,SimNPO,kforge_s06,250,1,0.5952478290730372,0.2743986196257174,0.38169626981326593,0.11073903778494096,tofu_Llama-3.2-1B-Instruct_forget10_SimNPO_kforge_s06_S250_seed1_v2lam0p01_corr_EVAL_FP32
forget10,SimNPO,kforge_s06,250,2,0.5921158550491604,0.27856544483453033,0.3930068555808282,0.10934253705219983,tofu_Llama-3.2-1B-Instruct_forget10_SimNPO_kforge_s06_S250_seed2_v2lam0p01_corr_EVAL_FP32
forget10,SimNPO,kforge_s06,50,0,0.5763529491332685,0.5341200888156891,0.44692394311668565,0.18575667763517584,tofu_Llama-3.2-1B-Instruct_forget10_SimNPO_kforge_s06_S50_seed0_v2lam0p01_corr_EVAL_FP32
forget10,SimNPO,kforge_s06,50,1,0.5693552005785698,0.5323697849363088,0.45193016632998934,0.18418699615402687,tofu_Llama-3.2-1B-Instruct_forget10_SimNPO_kforge_s06_S50_seed1_v2lam0p01_corr_EVAL_FP32
forget10,SimNPO,kforge_s06,50,2,0.567785731458889,0.5358048230037094,0.45873888607142327,0.19415833934955004,tofu_Llama-3.2-1B-Instruct_forget10_SimNPO_kforge_s06_S50_seed2_v2lam0p01_corr_EVAL_FP32
forget10,SimNPO,scratch,100,0,0.5800572733745943,0.5129787265136838,0.46969724474210284,0.16377524786379904,tofu_Llama-3.2-1B-Instruct_forget10_SimNPO_scratch_S100_seed0_v2lam0p01_corr_EVAL_FP32
forget10,SimNPO,scratch,100,1,0.5839898902476794,0.5296465026587248,0.4755791603124227,0.1866894940118248,tofu_Llama-3.2-1B-Instruct_forget10_SimNPO_scratch_S100_seed1_v2lam0p01_corr_EVAL_FP32
forget10,SimNPO,scratch,100,2,0.5825103608576334,0.5120914808288216,0.4713074690824055,0.16542007935348843,tofu_Llama-3.2-1B-Instruct_forget10_SimNPO_scratch_S100_seed2_v2lam0p01_corr_EVAL_FP32
forget10,SimNPO,scratch,250,0,0.5925818191835132,0.3344620301946998,0.4153346420435811,0.11327021143516483,tofu_Llama-3.2-1B-Instruct_forget10_SimNPO_scratch_S250_seed0_v2lam0p01_corr_EVAL_FP32
forget10,SimNPO,scratch,250,1,0.598548492566325,0.3335220869258046,0.4253854048861645,0.11414190886089497,tofu_Llama-3.2-1B-Instruct_forget10_SimNPO_scratch_S250_seed1_v2lam0p01_corr_EVAL_FP32
forget10,SimNPO,scratch,250,2,0.5959420321052492,0.3428680243017152,0.4245088779739748,0.12034858413045227,tofu_Llama-3.2-1B-Instruct_forget10_SimNPO_scratch_S250_seed2_v2lam0p01_corr_EVAL_FP32
forget10,SimNPO,scratch,50,0,0.5833450500396457,0.6611194770410657,0.5375950710941158,0.2624694077511355,tofu_Llama-3.2-1B-Instruct_forget10_SimNPO_scratch_S50_seed0_v2lam0p01_corr_EVAL_FP32
forget10,SimNPO,scratch,50,1,0.5759241941904918,0.6599230570346117,0.5253404727614317,0.28147841221865955,tofu_Llama-3.2-1B-Instruct_forget10_SimNPO_scratch_S50_seed1_v2lam0p01_corr_EVAL_FP32
forget10,SimNPO,scratch,50,2,0.5704383398111921,0.6647363995015622,0.5412530493184101,0.2670276377061793,tofu_Llama-3.2-1B-Instruct_forget10_SimNPO_scratch_S50_seed2_v2lam0p01_corr_EVAL_FP32
